Series Name,Series Code,Country Name,Country Code,1999 [YR1999],2000 [YR2000],2001 [YR2001],2002 [YR2002],2003 [YR2003],2004 [YR2004],2005 [YR2005],2006 [YR2006],2007 [YR2007],2008 [YR2008],2009 [YR2009],2010 [YR2010],2011 [YR2011],2012 [YR2012],2013 [YR2013],2014 [YR2014],2015 [YR2015],2016 [YR2016],2017 [YR2017],2018 [YR2018],2019 [YR2019],2020 [YR2020]
Individuals using the Internet (% of population),IT.NET.USER.ZS,Afghanistan,AFG,..,..,0.00472,0.00456,0.0879,0.106,1.22,2.11,1.9,1.84,3.55,4,5,5.45,5.9,7,8.26,11,13.5,16.8,17.6,17
Individuals using the Internet (% of population),IT.NET.USER.ZS,Albania,ALB,0.0814,0.114,0.326,0.39,0.972,2.42,6.04,9.61,15,23.9,41.2,45,47,49.4,51.8,54.3,56.9,59.6,62.4,65.4,68.6,72.2
Individuals using the Internet (% of population),IT.NET.USER.ZS,Algeria,DZA,0.2,0.492,0.646,1.59,2.2,4.63,5.84,7.38,9.45,10.2,11.2,12.5,14.9,18.2,22.5,29.5,38.2,42.9,47.7,49,55.8,63.5
Individuals using the Internet (% of population),IT.NET.USER.ZS,American Samoa,ASM,..,..,..,..,..,..,..,..,..,..,..,..,..,..,..,..,..,..,..,..,..,..
Individuals using the Internet (% of population),IT.NET.USER.ZS,Andorra,AND,7.64,10.5,..,11.3,13.5,26.8,37.6,48.9,70.9,70,78.5,81,81,82.7,84.4,86.1,87.9,89.7,91.6,..,90.7,93.2
Individuals using the Internet (% of population),IT.NET.USER.ZS,Angola,AGO,0.072,0.105,0.136,0.27,0.371,0.465,1.14,1.5,1.7,1.9,2.3,2.8,4.7,7.7,13,21.4,22,23.2,26,29,32.1,36.6
Individuals using the Internet (% of population),IT.NET.USER.ZS,Antigua and Barbuda,ATG,5.3,6.48,8.9,12.5,17.2,24.3,27,30,34,38,42,47,52,58,63.4,67.8,70,71,72,73,74,75
Individuals using the Internet (% of population),IT.NET.USER.ZS,Argentina,ARG,3.28,7.04,9.78,10.9,11.9,16,17.7,20.9,25.9,28.1,34,45,51,55.8,59.9,64.7,68,71,74.3,77.7,79.9,85.5
Individuals using the Internet (% of population),IT.NET.USER.ZS,Armenia,ARM,0.971,1.3,1.63,1.96,4.58,4.9,5.25,5.63,6.02,6.21,15.3,25,32,37.5,41.9,54.6,59.1,64.3,64.7,68.2,66.5,76.5
Individuals using the Internet (% of population),IT.NET.USER.ZS,Aruba,ABW,4.51,15.4,17.1,18.8,20.8,23,25.4,28,30.9,52,58,62,69,74,78.9,83.8,88.7,93.5,97.2,..,..,..
Individuals using the Internet (% of population),IT.NET.USER.ZS,Australia,AUS,40.8,46.8,52.7,..,..,..,63,66,69.5,71.7,74.3,76,79.5,79,83.5,84,84.6,86.5,86.5,90,93.6,94.7
Individuals using the Internet (% of population),IT.NET.USER.ZS,Austria,AUT,23,33.7,39.2,36.6,42.7,54.3,58,63.6,69.4,72.9,73.5,75.2,78.7,80,80.6,81,83.9,84.3,87.9,87.5,87.8,87.5
Individuals using the Internet (% of population),IT.NET.USER.ZS,Azerbaijan,AZE,0.0992,0.148,0.306,5,..,..,8.03,12,14.5,17.1,27.4,46,50,54.2,73,75,77,78.2,79,79.8,81.1,84.6
Individuals using the Internet (% of population),IT.NET.USER.ZS,"Bahamas, The",BHS,3.76,8,11.8,18,20,22,25,26,27,31.5,33.9,43,65,71.7,72,76.9,78,80,80.6,83,90.7,92.4
Individuals using the Internet (% of population),IT.NET.USER.ZS,Bahrain,BHR,4.72,6.15,15,18.1,21.6,21.5,21.3,28.2,32.9,52,53,55,77,88,90,90.5,93.5,98,95.9,98.6,99.7,99.7
Individuals using the Internet (% of population),IT.NET.USER.ZS,Bangladesh,BGD,0.0362,0.071,0.13,0.14,0.164,0.199,0.242,1,1.8,2.5,3.1,3.7,4.5,5,6.63,11.9,12.9,18.1,21.5,25.6,30.4,36.1
Individuals using the Internet (% of population),IT.NET.USER.ZS,Barbados,BRB,2.38,3.97,11.9,27.8,39.7,49.8,52.5,55.3,58.2,61.4,64.7,65.1,66.5,71.2,71.8,71.9,72,72.2,72.3,72.4,74.2,76
Individuals using the Internet (% of population),IT.NET.USER.ZS,Belarus,BLR,0.495,1.86,4.3,8.95,..,..,..,16.2,19.7,23,27.4,31.8,39.6,46.9,54.2,59,62.2,71.1,74.4,79.1,82.8,85.1
Individuals using the Internet (% of population),IT.NET.USER.ZS,Belgium,BEL,13.8,29.4,31.3,46.3,50,53.9,55.8,62,66.8,68.9,74.5,77.6,81.6,80.7,82.2,85,85.1,86.5,87.7,88.6,90.3,91.5
Individuals using the Internet (% of population),IT.NET.USER.ZS,Belize,BLZ,4.08,5.96,..,5.68,..,9.8,17,24,24.6,26.3,27.2,28.2,30.7,31,33.6,38.7,41.6,44.6,48.9,53.6,58.8,64.4
Individuals using the Internet (% of population),IT.NET.USER.ZS,Benin,BEN,0.155,0.225,0.363,0.703,0.951,1.18,1.27,1.54,1.79,1.85,2.24,3.13,4.15,4.5,4.9,6,11.3,14.5,18.7,19,20.5,22.1
Individuals using the Internet (% of population),IT.NET.USER.ZS,Bermuda,BMU,39.9,42.9,47.5,52,56.5,61,65.4,69.9,74.4,82.3,83.3,84.2,88.3,91.3,95.3,96.8,98.3,98,98.4,..,..,..
Individuals using the Internet (% of population),IT.NET.USER.ZS,Bhutan,BTN,0.138,0.401,0.865,1.68,2.44,3.16,3.85,4.52,5.92,6.55,7.17,13.6,14.4,15.6,22.4,30.3,39.8,46.5,54.3,63.5,74.2,76.9
Individuals using the Internet (% of population),IT.NET.USER.ZS,Bolivia,BOL,0.982,1.44,2.12,3.12,3.51,4.44,5.23,6.2,10.5,12.5,16.8,22.4,30,35.3,37,34.6,37.5,39.7,43.8,44.3,47.5,59.9
Individuals using the Internet (% of population),IT.NET.USER.ZS,Bosnia and Herzegovina,BIH,0.194,1.08,1.2,2.65,3.97,15.5,21.3,25.1,27.9,34.7,37.7,42.8,43.9,45.1,48.5,49.9,52.6,60.3,64.9,70.1,69.9,73.2
Individuals using the Internet (% of population),IT.NET.USER.ZS,Botswana,BWA,1.12,2.9,3.43,3.39,3.35,3.3,3.26,4.29,5.28,6.25,6.15,6,9,16,30,36.7,37.3,42.3,47.9,54.2,61.4,69.5
Individuals using the Internet (% of population),IT.NET.USER.ZS,Brazil,BRA,2.04,2.87,4.53,9.15,13.2,19.1,21,28.2,30.9,33.8,39.2,40.7,45.7,48.6,51,54.6,58.3,60.9,67.5,70.4,73.9,81.3
Individuals using the Internet (% of population),IT.NET.USER.ZS,British Virgin Islands,VGB,..,..,..,18.9,..,..,..,..,..,..,36,37,37.4,37.6,..,..,..,77.7,77.7,..,..,..
Individuals using the Internet (% of population),IT.NET.USER.ZS,Brunei Darussalam,BRN,7.67,9,12.9,15.3,19.6,29.7,36.5,42.2,44.7,46,49,53,56,60.3,64.5,68.8,71.2,90,94.9,95,95,96.3
Individuals using the Internet (% of population),IT.NET.USER.ZS,Bulgaria,BGR,2.91,5.37,7.61,9.08,12,18.1,20,27.1,33.6,39.7,45,46.2,48,51.9,53.1,55.5,56.7,59.8,63.4,64.8,67.9,70.2
Individuals using the Internet (% of population),IT.NET.USER.ZS,Burkina Faso,BFA,0.0618,0.0771,0.158,0.201,0.373,0.4,0.47,0.633,0.75,0.92,1.13,2.4,3,3.73,5,6,6.55,7.14,7.79,8.5,9.27,10.8
Individuals using the Internet (% of population),IT.NET.USER.ZS,Burundi,BDI,0.0392,0.0772,0.106,0.118,0.201,0.349,0.542,0.658,0.7,0.81,0.9,1,1.11,1.22,1.26,1.04,2,2.2,2.66,4,6.1,9.17
Individuals using the Internet (% of population),IT.NET.USER.ZS,Cabo Verde,CPV,1.16,1.82,2.69,3.52,4.32,5.32,6.07,6.81,8.28,14,21,30,32,34.7,37.5,40.3,42.7,50.3,57.2,59.5,61.9,69.4
Individuals using the Internet (% of population),IT.NET.USER.ZS,Cambodia,KHM,0.032,0.047,0.077,0.227,0.261,0.3,0.317,0.468,0.49,0.51,0.53,1.26,3.1,4.94,6,14,6.43,32.4,32.9,..,52.3,53.7
Individuals using the Internet (% of population),IT.NET.USER.ZS,Cameroon,CMR,0.129,0.252,0.277,0.361,0.588,0.976,1.4,2.03,2.93,3.4,3.84,4.3,5,7.5,10,16.2,18.3,20.6,23.2,29.7,36.5,41.2
Individuals using the Internet (% of population),IT.NET.USER.ZS,Canada,CAN,36.2,51.3,60.2,61.6,64.2,66,71.7,72.4,73.2,76.7,80.3,80.3,83,83,85.8,87.1,90,91.2,92.7,94.6,91.9,92.3
Individuals using the Internet (% of population),IT.NET.USER.ZS,Cayman Islands,CYM,..,..,..,..,..,..,38,44.5,52,61,64.5,66,69.5,69.7,71.4,74.1,77,79,81.1,..,..,..
Individuals using the Internet (% of population),IT.NET.USER.ZS,Central African Republic,CAF,0.0409,0.0534,0.0785,0.129,0.152,0.223,0.268,0.311,0.376,1,1.8,2,2.2,2.4,2.5,2.7,2.9,3.1,4,5.1,7.51,..
Individuals using the Internet (% of population),IT.NET.USER.ZS,Chad,TCD,0.0123,0.0357,0.0459,0.166,0.32,0.361,0.399,0.581,0.847,1.19,1.5,1.7,1.9,2.1,2.5,2.9,3.5,5.8,6.4,7,7.6,8.34
Individuals using the Internet (% of population),IT.NET.USER.ZS,Channel Islands,CHI,..,..,..,..,..,..,..,..,..,..,..,..,..,..,..,..,..,..,..,..,..,..
Individuals using the Internet (% of population),IT.NET.USER.ZS,Chile,CHL,4.1,16.6,19.1,22.1,25.5,28.2,31.2,34.5,35.9,37.3,41.6,45,52.2,55.1,58,61.1,76.6,83.6,82.3,84.9,85,87.5
Individuals using the Internet (% of population),IT.NET.USER.ZS,China,CHN,0.708,1.78,2.64,4.6,6.2,7.3,8.52,10.5,16,22.6,28.9,34.3,38.3,42.3,45.8,47.9,50.3,53.2,54.3,59.2,64.1,70.1
Individuals using the Internet (% of population),IT.NET.USER.ZS,Colombia,COL,1.7,2.21,2.85,4.6,7.39,9.12,11,15.3,21.8,25.6,30,36.5,40.4,49,51.7,52.6,55.9,58.1,62.3,64.1,65,69.8
Individuals using the Internet (% of population),IT.NET.USER.ZS,Comoros,COM,0.148,0.272,0.443,0.555,0.848,1.33,2,2.2,2.5,3,3.5,5.1,5.5,5.98,6.5,6.98,7.46,7.94,8.48,..,16.4,22.4
Individuals using the Internet (% of population),IT.NET.USER.ZS,"Congo, Dem. Rep.",COD,0.00101,0.0059,0.0115,0.0928,0.135,0.196,0.238,0.296,0.37,0.44,0.56,0.72,1.2,1.68,2.2,3,3.8,10.1,8.62,11.7,16.5,21.6
Individuals using the Internet (% of population),IT.NET.USER.ZS,"Congo, Rep.",COG,0.0168,0.0264,0.0322,0.157,0.46,1.08,1.46,2.01,2.76,4.29,4.5,5,5.6,6.11,6.6,7.11,7.62,8.12,8.65,..,..,24.8
Individuals using the Internet (% of population),IT.NET.USER.ZS,Costa Rica,CRI,3.9,5.8,9.56,19.9,20.3,20.8,22.1,25.1,28.4,32.3,34.3,36.5,39.2,47.5,46,53,59.8,65.9,71.6,73.5,81.2,80.5
Individuals using the Internet (% of population),IT.NET.USER.ZS,Cote d'Ivoire,CIV,0.119,0.231,0.396,0.498,0.759,0.849,1.04,1.52,1.8,1.9,2,2.7,2.9,4.4,6.6,10,38.4,41.2,43.8,37.5,36.3,36
Individuals using the Internet (% of population),IT.NET.USER.ZS,Croatia,HRV,4.41,6.64,11.6,17.8,22.8,30.9,33.1,38,41.4,44.2,50.6,56.6,57.8,61.9,66.7,68.6,69.8,72.7,67.1,75.3,79.1,78.3
Individuals using the Internet (% of population),IT.NET.USER.ZS,Cuba,CUB,0.315,0.541,1.08,3.77,5.24,8.41,9.74,11.2,11.7,12.9,14.3,15.9,16,21.2,27.9,29.1,37.3,43,57.1,62.7,68,71.1
Individuals using the Internet (% of population),IT.NET.USER.ZS,Curacao,CUW,..,..,..,..,..,..,..,..,..,..,..,..,..,..,..,..,..,61.9,68.1,..,..,..
Individuals using the Internet (% of population),IT.NET.USER.ZS,Cyprus,CYP,11.3,15.3,18.8,28.3,30.1,33.8,32.8,35.8,40.8,42.3,49.8,53,56.9,60.7,65.5,69.3,71.7,75.9,80.7,84.4,86.1,90.8
Individuals using the Internet (% of population),IT.NET.USER.ZS,Czechia,CZE,6.83,9.78,14.7,23.9,34.3,35.5,35.3,47.9,51.9,63,64.4,68.8,70.5,73.4,74.1,74.2,75.7,76.5,78.7,80.7,80.9,81.3
Individuals using the Internet (% of population),IT.NET.USER.ZS,Denmark,DNK,30.6,39.2,43,64.3,76.3,80.9,82.7,86.7,85,85,86.8,88.7,89.8,92.3,94.6,96,96.3,97,97.1,97.3,98,96.5
Individuals using the Internet (% of population),IT.NET.USER.ZS,Djibouti,DJI,0.106,0.195,0.344,0.487,0.626,0.781,0.954,1.27,1.62,2.26,4,6.5,7,9.4,12.7,17,22.9,30.8,55.7,57.1,58.5,59.9
Individuals using the Internet (% of population),IT.NET.USER.ZS,Dominica,DMA,2.93,8.81,13.2,18.4,23.6,30.3,38.5,39.4,40.3,41.2,42,47.5,48.6,49.8,51,57.5,65,67,69.6,..,73.4,75.7
Individuals using the Internet (% of population),IT.NET.USER.ZS,Dominican Republic,DOM,1.1,3.7,4.43,6.82,7.9,8.87,11.5,14.8,17.7,20.8,27.7,31.4,38,42.3,45.9,49.6,54.2,63.9,67.6,74.8,79.7,81.6
Individuals using the Internet (% of population),IT.NET.USER.ZS,Ecuador,ECU,0.823,1.46,2.67,4.26,4.46,4.83,5.99,7.2,10.8,18.8,24.6,29,31.4,35.1,40.3,45.6,48.9,54.1,55.8,57.5,59.2,70.7
Individuals using the Internet (% of population),IT.NET.USER.ZS,"Egypt, Arab Rep.",EGY,0.29,0.641,0.839,2.72,4.04,11.9,12.8,13.7,16,18,20,21.6,25.6,26.4,29.4,33.9,37.8,41.2,45,46.9,57.3,71.9
Individuals using the Internet (% of population),IT.NET.USER.ZS,El Salvador,SLV,0.845,1.18,1.5,1.9,2.5,3.2,4.2,5.5,6.11,10.1,12.1,15.9,18.9,20.3,23.1,24.8,26.8,29,33.8,43.8,50.5,54.6
Individuals using the Internet (% of population),IT.NET.USER.ZS,Equatorial Guinea,GNQ,0.0974,0.132,0.165,0.321,0.521,0.844,1.15,1.28,1.56,1.82,2.13,6,11.5,13.9,16.4,18.9,21.3,23.8,26.2,..,49.1,55
Individuals using the Internet (% of population),IT.NET.USER.ZS,Eritrea,ERI,0.0255,0.137,0.158,0.227,..,..,..,..,0.41,0.47,0.54,0.61,0.7,0.8,0.9,0.99,1.08,1.18,2.5,5.3,11.2,14.3
Individuals using the Internet (% of population),IT.NET.USER.ZS,Estonia,EST,14.5,28.6,31.5,41.5,45.3,53.2,61.5,63.5,66.2,70.6,72.5,74.1,76.5,78.4,80,84.2,88.4,87.2,88.1,89.4,90.2,89.1
Individuals using the Internet (% of population),IT.NET.USER.ZS,Eswatini,SWZ,0.471,0.926,1.28,1.82,2.44,3.23,3.7,3.7,4.1,6.85,8.94,11,18.1,20.8,24.7,25,25.6,28.6,35.3,39.4,43.9,49
Individuals using the Internet (% of population),IT.NET.USER.ZS,Ethiopia,ETH,0.0125,0.0153,0.0372,0.0724,0.106,0.155,0.22,0.311,0.37,0.45,0.54,0.75,1.1,2.9,4.6,7.7,13.9,15.4,15.6,15.9,16,16.1
Individuals using the Internet (% of population),IT.NET.USER.ZS,Faroe Islands,FRO,22.3,32.9,43.2,53.3,58.9,66.5,67.9,69.4,76,75.6,75.2,75.2,80.7,85.3,90,93.3,94.2,95.1,97.6,..,..,..
Individuals using the Internet (% of population),IT.NET.USER.ZS,Fiji,FJI,0.942,1.5,1.86,6.15,6.73,7.41,8.45,9.6,10.9,13,17,20,28,33.7,35.2,37.4,42.5,49.4,53.6,58.2,63.2,68.6
Individuals using the Internet (% of population),IT.NET.USER.ZS,Finland,FIN,32.3,37.2,43.1,62.4,69.2,72.4,74.5,79.7,80.8,83.7,82.5,86.9,88.7,89.9,91.5,86.5,86.4,87.7,87.5,88.9,89.6,92.2
Individuals using the Internet (% of population),IT.NET.USER.ZS,France,FRA,9.13,14.3,26.3,30.2,36.1,39.2,42.9,46.9,66.1,70.7,71.6,77.3,77.8,81.4,81.9,83.8,78,79.3,80.5,82,83.3,84.7
Individuals using the Internet (% of population),IT.NET.USER.ZS,French Polynesia,PYF,3.45,6.36,6.25,8.2,14.1,17.9,21.5,25.1,28.6,33.9,44.6,49,49,52.9,56.8,60.7,64.6,68.4,72.7,..,..,..
Individuals using the Internet (% of population),IT.NET.USER.ZS,Gabon,GAB,0.249,1.22,1.35,1.94,2.66,2.98,4.89,5.49,5.77,7.5,9.5,13,18,24,30.5,38.1,45.8,48.1,51.6,55.4,59.5,63.9
Individuals using the Internet (% of population),IT.NET.USER.ZS,"Gambia, The",GMB,0.716,0.922,1.34,1.8,2.44,3.31,3.8,5.24,6.21,6.88,7.63,9.2,10.9,12.4,14,15.6,17.6,19.9,22.5,28.3,31.1,34.2
Individuals using the Internet (% of population),IT.NET.USER.ZS,Georgia,GEO,0.416,0.485,0.992,1.59,2.56,3.89,6.08,7.53,8.26,10,20.1,26.9,31.5,36.9,43.3,49.1,47.6,58.5,59.7,62.7,68.8,72.5
Individuals using the Internet (% of population),IT.NET.USER.ZS,Germany,DEU,20.8,30.2,31.7,48.8,55.9,64.7,68.7,72.2,75.2,78,79,82,81.3,82.4,84.2,86.2,87.6,84.2,84.4,87,88.1,89.8
Individuals using the Internet (% of population),IT.NET.USER.ZS,Ghana,GHA,0.105,0.154,0.2,0.83,1.19,1.72,1.83,2.72,3.85,4.27,5.44,7.8,9,10.6,15,19,23,28,37.9,43,22.1,62.5
Individuals using the Internet (% of population),IT.NET.USER.ZS,Gibraltar,GIB,5.94,19.1,21.2,23.7,28.3,32.9,39.1,45.3,51.6,58,65.1,65,65,65,..,..,..,94.4,..,..,..,..
Individuals using the Internet (% of population),IT.NET.USER.ZS,Greece,GRC,6.88,9.14,10.9,14.7,17.8,21.4,24,32.3,35.9,38.2,42.4,44.4,51.7,55.1,59.9,63.2,66.8,69.1,69.9,72.2,75.7,78.1
Individuals using the Internet (% of population),IT.NET.USER.ZS,Greenland,GRL,21.6,31.7,35.5,44.2,54.5,56.1,57.7,59.4,61.1,62.8,62.8,63,64,64.9,65.8,66.7,67.6,68.5,69.5,..,..,..
Individuals using the Internet (% of population),IT.NET.USER.ZS,Grenada,GRD,2.47,4.06,5.13,14.8,18.6,19.6,20.5,21.4,22.3,23.2,24.1,27,30,32,35,51.6,52.5,53.3,54.2,61.4,64.3,67.4
Individuals using the Internet (% of population),IT.NET.USER.ZS,Guam,GUM,8.5,16.1,25.4,31.2,33.7,36.2,38.6,43.9,46.2,48.4,50.6,54,57.7,61.5,65.4,69.3,73.1,77,80.5,..,..,..
Individuals using the Internet (% of population),IT.NET.USER.ZS,Guatemala,GTM,0.593,0.712,1.74,3.39,4.55,5.1,5.7,6.5,7.3,8.3,9.3,10.5,12.3,16,19.7,23.4,28.8,34.5,37.9,41.5,44.4,47.5
Individuals using the Internet (% of population),IT.NET.USER.ZS,Guinea,GIN,0.0608,0.0954,0.176,0.402,0.451,0.509,0.542,0.637,0.78,0.92,0.94,1,2,3.1,4.5,6.4,9.2,13.1,18.7,21.8,22.6,23.4
Individuals using the Internet (% of population),IT.NET.USER.ZS,Guinea-Bissau,GNB,0.118,0.23,0.3,1.02,1.35,1.81,1.9,2.06,2.21,2.35,2.3,2.45,2.67,2.89,3.1,3.32,6.1,13.8,14.8,15.7,17.9,20.5
Individuals using the Internet (% of population),IT.NET.USER.ZS,Guyana,GUY,0.4,0.6,1,1.5,2.4,3.7,5.7,8.9,13.8,18.2,23.9,29.9,30,30.5,31,32,34,35.7,42.7,48.6,55.3,63
Individuals using the Internet (% of population),IT.NET.USER.ZS,Haiti,HTI,0.0707,0.231,0.341,0.893,1.65,5.4,6.38,6.8,7.2,7.6,8.1,8.37,9,9.8,10.6,11.4,14.2,22.8,27.2,32.5,39.3,..
Individuals using the Internet (% of population),IT.NET.USER.ZS,Honduras,HND,0.574,1.2,1.42,2.6,4.8,5.6,6.5,7.8,9.4,9.6,9.8,11.1,15.9,18.1,17.8,23,27.1,29.5,31.7,36,39.4,45.2
Individuals using the Internet (% of population),IT.NET.USER.ZS,"Hong Kong SAR, China",HKG,21.2,27.8,38.7,43.1,52.2,56.4,56.9,60.8,64.8,66.7,69.4,72,72.2,72.9,74.2,79.9,84.9,87.5,89.4,90.5,91.7,92.4
Individuals using the Internet (% of population),IT.NET.USER.ZS,Hungary,HUN,5.86,7,14.5,16.7,21.6,27.7,39,47.1,53.3,61,62,65,68,70.6,72.6,75.7,72.8,79.3,76.8,76.1,80.4,84.8
Individuals using the Internet (% of population),IT.NET.USER.ZS,Iceland,ISL,41.3,44.5,49.4,79.1,83.1,83.9,87,89.5,90.6,91,93,93.4,94.8,96.2,96.5,98.2,98.2,98.2,98.3,99,99.5,99.5
Individuals using the Internet (% of population),IT.NET.USER.ZS,India,IND,0.273,0.528,0.66,1.54,1.69,1.98,2.39,2.81,3.95,4.38,5.12,7.5,10.1,11.1,12.3,13.5,14.9,16.5,18.2,20.1,29.5,43.4
Individuals using the Internet (% of population),IT.NET.USER.ZS,Indonesia,IDN,0.444,0.926,2.02,2.13,2.39,2.6,3.6,4.76,5.79,7.92,6.92,10.9,12.3,14.5,14.9,17.1,22.1,25.4,32.3,39.9,47.7,53.7
Individuals using the Internet (% of population),IT.NET.USER.ZS,"Iran, Islamic Rep.",IRN,0.379,0.934,1.48,4.63,6.93,7.49,8.1,8.76,9.47,12,13.8,15.9,19,22.7,30,39.4,45.3,53.2,64,70.2,72.5,75.6
Individuals using the Internet (% of population),IT.NET.USER.ZS,Iraq,IRQ,..,..,0.1,0.5,0.6,0.9,0.9,0.952,0.93,1,1.06,2.5,5,7.1,9.2,11.6,15.2,19.9,49.4,33.9,44.3,53.7
Individuals using the Internet (% of population),IT.NET.USER.ZS,Ireland,IRL,10.9,17.9,23.1,25.9,34.3,37,41.6,54.8,61.2,65.3,67.4,69.9,74.9,76.9,78.2,83.5,83.5,83.5,84.1,87,87,92
Individuals using the Internet (% of population),IT.NET.USER.ZS,Isle of Man,IMN,..,..,..,..,..,..,..,..,..,..,..,..,..,..,..,..,..,..,..,..,..,..
Individuals using the Internet (% of population),IT.NET.USER.ZS,Israel,ISR,13.4,20.9,17.4,17.8,19.6,22.8,25.2,27.9,48.1,59.4,63.1,67.5,68.9,70.8,70.3,75,77.4,79.7,81.6,83.7,86.8,90.1
Individuals using the Internet (% of population),IT.NET.USER.ZS,Italy,ITA,14.4,23.1,27.2,28,29,33.2,35,38,40.8,44.5,48.8,53.7,54.4,55.8,58.5,55.6,58.1,61.3,63.1,74.4,67.9,70.5
Individuals using the Internet (% of population),IT.NET.USER.ZS,Jamaica,JAM,2.36,3.12,3.86,6.1,7.8,10,12.8,16.4,21.1,23.6,24.3,27.7,37.4,33.8,37.1,40.4,42.2,44.4,55.1,68.2,70.8,76.4
Individuals using the Internet (% of population),IT.NET.USER.ZS,Japan,JPN,21.4,30,38.5,46.6,48.4,62.4,66.9,68.7,74.3,75.4,78,78.2,79.1,79.5,88.2,89.1,91.1,93.2,91.7,88.7,92.7,90.2
Individuals using the Internet (% of population),IT.NET.USER.ZS,Jordan,JOR,2.53,2.62,4.71,6.03,8.47,11.7,12.9,13.9,20,23,26,27.2,34.9,37,41.4,46.2,54.2,56.2,64.5,65.2,70.1,78.4
Individuals using the Internet (% of population),IT.NET.USER.ZS,Kazakhstan,KAZ,0.464,0.669,1.01,1.67,2,2.65,2.96,3.27,4.02,11,18.2,31.6,50.6,61.9,63.3,66,70.8,74.6,76.4,78.9,81.9,85.9
Individuals using the Internet (% of population),IT.NET.USER.ZS,Kenya,KEN,0.114,0.318,0.62,1.21,2.94,3.02,3.1,3.6,4.4,5.2,6.1,7.2,8.8,10.5,13,16.5,16.6,16.6,17.8,19.5,22.7,..
Individuals using the Internet (% of population),IT.NET.USER.ZS,Kiribati,KIR,1.21,1.79,2.34,2.5,3,3.5,4,4.5,6,7,8.97,9.07,10,10.7,11.5,12.3,14.9,19.4,25.3,33,39.6,..
Individuals using the Internet (% of population),IT.NET.USER.ZS,"Korea, Dem. People's Rep.",PRK,0,0,0,0,0,0,0,0,0,0,0,0,0,0,..,..,..,..,..,..,..,..
Individuals using the Internet (% of population),IT.NET.USER.ZS,"Korea, Rep.",KOR,23.6,44.7,56.6,59.4,65.5,72.7,73.5,78.1,78.8,81,81.6,83.7,83.8,84.1,84.8,87.6,89.9,92.8,95.1,96,96.2,96.5
Individuals using the Internet (% of population),IT.NET.USER.ZS,Kosovo,XKX,..,..,..,..,..,..,..,..,..,..,..,..,..,..,..,..,..,..,83.9,89.4,..,..
Individuals using the Internet (% of population),IT.NET.USER.ZS,Kuwait,KWT,4.76,6.73,8.55,10.2,22.4,22.9,25.9,28.8,34.8,42,50.8,61.4,65.8,70.5,75.5,78.7,82,85.6,98,99.6,99.5,99.1
Individuals using the Internet (% of population),IT.NET.USER.ZS,Kyrgyz Republic,KGZ,0.205,1.04,3,3,3.91,5.09,10.5,12.3,14,15.7,16,16.3,17.5,19.8,23,28.3,30.2,40.5,50.8,62.8,64.1,72
Individuals using the Internet (% of population),IT.NET.USER.ZS,Lao PDR,LAO,0.0378,0.111,0.182,0.268,0.334,0.361,0.85,1.17,1.64,3.55,6,7,9,10.7,12.5,14.3,18.2,21.9,25.5,36.3,47,54
Individuals using the Internet (% of population),IT.NET.USER.ZS,Latvia,LVA,4.39,6.32,7.22,21.9,27,38.6,46,53.6,59.2,63.4,66.8,68.4,69.8,73.1,75.2,75.8,79.2,79.8,80.1,83.6,86.1,88.9
Individuals using the Internet (% of population),IT.NET.USER.ZS,Lebanon,LBN,5.38,7.95,6.78,7,8,9,10.1,15,18.7,22.5,30.1,43.7,52,61.2,70.5,73,74,76.1,78.2,80.9,81.5,82.1
Individuals using the Internet (% of population),IT.NET.USER.ZS,Lesotho,LSO,0.0538,0.212,0.261,1.08,1.53,2.18,2.58,2.98,3.45,3.58,3.72,3.86,7,10,15,22,25,32.5,39,40.8,42.3,43.7
Individuals using the Internet (% of population),IT.NET.USER.ZS,Liberia,LBR,0.0113,0.0177,0.0338,0.0327,0.0319,0.031,..,..,0.551,0.53,2,2.3,2.5,2.6,3.2,5.41,10,15.7,16.3,17.3,18.3,19.4
Individuals using the Internet (% of population),IT.NET.USER.ZS,Libya,LBY,0.134,0.187,0.367,2.24,2.81,3.53,3.92,4.3,4.72,9,10.8,14,14,15.2,16.5,17.8,..,..,..,..,..,87.6
Individuals using the Internet (% of population),IT.NET.USER.ZS,Liechtenstein,LIE,..,36.5,45.1,59.5,58.8,64,63.4,64.2,65.1,70,75,80,85,89.4,93.8,95.2,96.6,98.1,99.5,..,93.1,94.3
Individuals using the Internet (% of population),IT.NET.USER.ZS,Lithuania,LTU,2.92,6.43,7.18,17.7,25.9,31.2,36.2,43.9,49.9,55.2,59.8,62.1,63.6,67.2,68.5,72.1,71.4,74.4,77.6,79.7,81.6,83.1
Individuals using the Internet (% of population),IT.NET.USER.ZS,Luxembourg,LUX,17.4,22.9,36.2,39.8,54.6,65.9,70,72.5,78.9,82.2,87.3,90.6,90,91.9,93.8,94.7,96.4,98.1,97.4,97.1,97.1,98.5
Individuals using the Internet (% of population),IT.NET.USER.ZS,"Macao SAR, China",MAC,9.21,13.6,22.5,25.2,25.7,31.5,34.9,46.4,47.3,49.2,54,55.2,60.2,61.3,65.8,69.8,77.6,81.6,83.2,83.8,86.5,87.5
Individuals using the Internet (% of population),IT.NET.USER.ZS,Madagascar,MDG,0.169,0.196,0.223,0.34,0.423,0.525,0.568,0.608,0.65,1.65,1.63,1.7,1.9,2.3,3,3.7,4.17,4.71,6.4,7.75,9.38,11.4
Individuals using the Internet (% of population),IT.NET.USER.ZS,Malawi,MWI,0.0873,0.127,0.164,0.215,0.279,0.348,0.384,0.425,0.966,0.7,1.07,2.26,3.33,4.35,5.05,5.83,6,6.3,7,8.8,11.1,13.9
Individuals using the Internet (% of population),IT.NET.USER.ZS,Malaysia,MYS,12.3,21.4,26.7,32.3,35,42.3,48.6,51.6,55.7,55.8,55.9,56.3,61,65.8,57.1,63.7,71.1,78.8,80.1,81.2,84.2,89.6
Individuals using the Internet (% of population),IT.NET.USER.ZS,Maldives,MDV,1.12,2.2,3.62,5.35,5.98,6.59,6.87,11,16.3,23.2,24.8,26.5,34,38.9,44.1,49.3,54.5,59.5,65,70.9,77.5,79.1
Individuals using the Internet (% of population),IT.NET.USER.ZS,Mali,MLI,0.0609,0.143,0.186,0.227,0.31,0.433,0.507,0.73,0.81,1.57,1.8,2,2.2,2.8,3.5,7,10.3,14,18.9,21.4,25,29.1
Individuals using the Internet (% of population),IT.NET.USER.ZS,Malta,MLT,7.76,13.1,17.9,28.9,31.6,34.6,41.2,40.4,46.9,50.1,58.9,63,68,68.2,68.9,73.1,76,78.1,81,81.7,85.8,86.9
Individuals using the Internet (% of population),IT.NET.USER.ZS,Marshall Islands,MHL,0.966,1.53,1.71,2.34,2.57,3.6,3.88,3.8,3.95,4.6,5.6,7,10,12.5,14,16.8,19.3,29.8,38.7,43.9,49.8,56.4
Individuals using the Internet (% of population),IT.NET.USER.ZS,Mauritania,MRT,0.118,0.192,0.261,0.363,0.424,0.481,0.67,0.98,1.43,1.87,2.28,4,4.5,5,6.2,11.8,17.6,19.2,21,23,25.1,27.4
Individuals using the Internet (% of population),IT.NET.USER.ZS,Mauritius,MUS,4.65,7.28,8.78,10.3,12.2,13.7,15.2,16.7,20.2,21.8,22.5,28.3,35,35.4,40.1,44.8,50.1,52.2,55.4,58.6,61.7,67.7
Individuals using the Internet (% of population),IT.NET.USER.ZS,Mexico,MEX,1.86,5.08,7.04,11.9,12.9,14.1,17.2,19.5,20.8,21.7,26.3,31.1,37.2,39.8,43.5,44.4,57.4,59.5,53,56.7,69.6,71.5
Individuals using the Internet (% of population),IT.NET.USER.ZS,"Micronesia, Fed. Sts.",FSM,2.8,3.73,4.66,5.57,9.23,11,11.9,12.8,13.6,14.5,15.4,20,22.8,26,27.8,29.7,31.5,33.4,35.3,36.6,38,39.4
Individuals using the Internet (% of population),IT.NET.USER.ZS,Moldova,MDA,0.601,1.28,1.49,3.79,7.41,10.6,14.6,19.6,20.5,23.4,27.5,29.7,32.1,34.7,37.4,67,69,71,49.9,50.3,57.8,58.2
Individuals using the Internet (% of population),IT.NET.USER.ZS,Monaco,MCO,..,42.2,46.6,48,49.5,52.5,55.5,61.5,64.4,67.3,70.1,75,80.3,87,90.7,92.4,93.4,95.2,97.1,..,83.3,98.6
Individuals using the Internet (% of population),IT.NET.USER.ZS,Mongolia,MNG,0.508,1.26,1.65,2.04,..,..,..,..,9,9.8,10,10.2,12.5,16.4,17.7,19.9,22.5,22.3,23.7,47.1,51.1,62.5
Individuals using the Internet (% of population),IT.NET.USER.ZS,Montenegro,MNE,..,..,..,..,..,25.4,27.1,28.9,30.8,32.9,35.1,37.5,35.6,56.8,60.3,63.9,68.1,69.9,71.3,71.5,73.5,77.6
Individuals using the Internet (% of population),IT.NET.USER.ZS,Morocco,MAR,0.176,0.694,1.37,2.37,3.35,11.6,15.1,19.8,21.5,33.1,41.3,52,46.1,55.4,56,56.8,57.1,58.3,61.8,64.8,84.1,84.1
Individuals using the Internet (% of population),IT.NET.USER.ZS,Mozambique,MOZ,0.0563,0.11,0.16,0.26,0.42,0.679,0.854,0.843,0.91,1.56,2.68,4.17,4.6,5,5.5,6,6.5,7,7.8,10.9,12.5,14.3
Individuals using the Internet (% of population),IT.NET.USER.ZS,Myanmar,MMR,0.000152,..,0.000289,0.000426,0.0241,0.0243,0.0652,0.182,0.217,0.22,0.22,0.25,0.98,1.4,1.8,7.4,10.9,16,23.6,29.4,36.5,45.4
Individuals using the Internet (% of population),IT.NET.USER.ZS,Namibia,NAM,0.336,1.64,2.42,2.63,3.36,3.8,4.01,4.4,4.84,5.33,6.5,11.6,12,12.9,13.9,14.8,25.7,31,36.8,42.8,49.8,57.9
Individuals using the Internet (% of population),IT.NET.USER.ZS,Nauru,NRU,..,..,2.99,..,..,..,..,..,..,..,..,..,54,..,..,..,..,..,62.4,..,74.7,81.7
Individuals using the Internet (% of population),IT.NET.USER.ZS,Nepal,NPL,0.147,0.205,0.24,0.313,0.383,0.45,0.827,1.14,1.41,1.73,1.97,7.93,9,11.1,13.3,15.4,17.6,20.7,24.3,28.6,33.3,38.9
Individuals using the Internet (% of population),IT.NET.USER.ZS,Netherlands,NLD,39.2,44,49.4,61.3,64.4,68.5,81,83.7,85.8,87.4,89.6,90.7,91.4,92.9,94,91.7,91.7,90.4,93.2,91.9,93.3,91.3
Individuals using the Internet (% of population),IT.NET.USER.ZS,New Caledonia,NCL,5.69,13.9,18.2,22.4,26.4,30.3,32.4,33.5,35.1,34.5,34,42,50,58,66,70,74,..,82,..,..,..
Individuals using the Internet (% of population),IT.NET.USER.ZS,New Zealand,NZL,41.5,47.4,53.2,59.1,61,61.8,62.7,69,69.8,72,79.7,80.5,81.2,81.6,82.8,84,85.2,86.5,87.7,89,89.9,95.2
Individuals using the Internet (% of population),IT.NET.USER.ZS,Nicaragua,NIC,0.498,0.98,1.45,1.71,1.88,2.32,2.57,2.81,3.9,5.3,7.3,10,10.6,13.5,15.5,17.6,19.7,24.6,30.4,33.9,37.8,42.2
Individuals using the Internet (% of population),IT.NET.USER.ZS,Niger,NER,0.0281,0.0363,0.105,0.127,0.156,0.19,0.221,0.294,0.39,0.7,0.76,0.83,0.9,1.05,1.15,1.25,2.48,4.32,10.2,..,16.6,17
Individuals using the Internet (% of population),IT.NET.USER.ZS,Nigeria,NGA,0.041,0.0641,0.0899,0.32,0.559,1.29,3.55,5.55,6.77,8,9.3,11.5,13.8,16.1,19.1,21,22.5,24.1,25.9,27.7,29.7,31.9
Individuals using the Internet (% of population),IT.NET.USER.ZS,North Macedonia,MKD,1.5,2.49,3.47,17.3,19.1,24.4,26.5,28.6,36.3,46,51.8,51.9,56.7,57.4,65.2,68.1,70.4,72.2,74.5,79.2,81.4,81.4
Individuals using the Internet (% of population),IT.NET.USER.ZS,Northern Mariana Islands,MNP,..,..,..,..,..,..,..,..,..,..,..,..,..,..,..,..,..,..,..,..,..,..
Individuals using the Internet (% of population),IT.NET.USER.ZS,Norway,NOR,40,52,64,72.8,78.1,77.7,82,82.6,86.9,90.6,92.1,93.4,93.5,94.7,95.1,96.3,96.8,97.3,96.4,96.5,98,94.6
Individuals using the Internet (% of population),IT.NET.USER.ZS,Oman,OMN,2.52,3.52,5.89,6.87,7.26,6.76,6.68,8.3,16.7,20,26.8,35.8,48,60,66.5,70.2,73.5,76.8,80.2,85.5,90.3,95.2
Individuals using the Internet (% of population),IT.NET.USER.ZS,Pakistan,PAK,0.0554,..,1.32,2.58,5.04,6.16,6.33,6.5,6.8,7,7.5,8,8,8.1,9,10,11,12.4,13.8,15.3,17.1,18.9
Individuals using the Internet (% of population),IT.NET.USER.ZS,Palau,PLW,..,..,..,20.2,21.6,27,..,..,..,..,..,..,..,..,..,..,..,..,..,..,..,..
Individuals using the Internet (% of population),IT.NET.USER.ZS,Panama,PAN,3.84,6.55,7.27,8.52,9.99,11.1,11.5,17.3,22.3,33.8,39.1,40.1,42.7,40.3,44,44.9,51.2,54,60,61.8,63.6,70
Individuals using the Internet (% of population),IT.NET.USER.ZS,Papua New Guinea,PNG,0.667,0.835,0.904,1.32,1.37,1.51,1.72,1.75,1.79,1.15,1.61,1.28,2,3.5,5.1,6.5,7.9,9.6,11.2,..,20,24.4
Individuals using the Internet (% of population),IT.NET.USER.ZS,Paraguay,PRY,0.382,0.748,1.1,1.79,2.11,3.45,7.91,7.96,11.2,14.3,18.9,19.8,24.8,29.3,36.9,43,49.7,53.4,61.1,65,68.5,74
Individuals using the Internet (% of population),IT.NET.USER.ZS,Peru,PER,1.95,3.08,7.58,8.97,11.6,14.1,17.1,20.7,25.2,30.6,31.4,34.8,36,38.2,39.2,40.2,40.9,45.5,50.5,55.1,60,65.3
Individuals using the Internet (% of population),IT.NET.USER.ZS,Philippines,PHL,1.43,1.98,2.52,4.33,4.86,5.24,5.4,5.74,5.97,6.22,9,25,29,30.8,32.7,34.7,36.9,39.2,41.6,44.1,43,53.8
Individuals using the Internet (% of population),IT.NET.USER.ZS,Poland,POL,5.46,7.29,9.9,21.2,24.9,32.5,38.8,44.6,48.6,53.1,59,62.3,62,62.3,62.8,66.6,68,73.3,76,77.5,80.4,83.2
Individuals using the Internet (% of population),IT.NET.USER.ZS,Portugal,PRT,14.7,16.4,18.1,19.4,29.7,31.8,35,38,42.1,44.1,48.3,53.3,55.3,60.3,62.1,64.6,68.6,70.4,73.8,74.7,75.3,78.3
Individuals using the Internet (% of population),IT.NET.USER.ZS,Puerto Rico (US),PRI,5.27,10.5,15.6,17.5,19.7,22.1,23.4,25.4,27.9,38,41.5,45.3,48,69,69,76.1,63.5,68.6,68.7,70.9,77.7,..
Individuals using the Internet (% of population),IT.NET.USER.ZS,Qatar,QAT,4.07,4.86,6.17,10.2,19.2,20.7,24.7,29,37,44.3,53.1,69,69,69.3,85.3,91.5,92.9,95.1,97.4,99.7,99.7,99.7
Individuals using the Internet (% of population),IT.NET.USER.ZS,Romania,ROU,2.7,3.61,4.54,6.58,8.9,15,21.5,24.7,28.3,32.4,36.6,39.9,40,45.9,49.8,54.1,55.8,59.5,63.7,70.7,73.7,78.5
Individuals using the Internet (% of population),IT.NET.USER.ZS,Russian Federation,RUS,1.02,1.98,2.94,4.13,8.3,12.9,15.2,18,24.7,32,42.6,49,58,66,68,70.5,70.1,73.1,76,80.9,82.6,85
Individuals using the Internet (% of population),IT.NET.USER.ZS,Rwanda,RWA,0.0672,0.0628,0.241,0.293,0.357,0.431,0.556,..,2.12,4.5,7.7,8,7,8.02,9,10.6,12.5,14.6,17.2,19.2,21.4,23.8
Individuals using the Internet (% of population),IT.NET.USER.ZS,Samoa,WSM,0.285,0.566,1.69,2.24,2.8,3.08,3.35,4.47,4.75,5.03,6,7,11,12.9,15.3,21.2,25.4,31.7,39.4,43.1,47.2,51.7
Individuals using the Internet (% of population),IT.NET.USER.ZS,San Marino,SMR,42.8,48.8,50.3,50.8,50,50.6,50.3,50.2,50.4,54.5,54.2,..,49.6,..,..,..,..,..,60.2,..,67.9,78
Individuals using the Internet (% of population),IT.NET.USER.ZS,Sao Tome and Principe,STP,0.363,4.64,6.31,7.58,10.2,13.3,13.8,14.2,14.6,15.5,16.4,18.8,20.2,21.6,23,24.4,25.8,28,32.6,38,44.3,51.6
Individuals using the Internet (% of population),IT.NET.USER.ZS,Saudi Arabia,SAU,0.494,2.21,4.68,6.38,8,10.2,12.7,19.5,30,36,38,41,47.5,54,60.5,64.7,69.6,74.9,94.2,93.3,95.7,97.9
Individuals using the Internet (% of population),IT.NET.USER.ZS,Senegal,SEN,0.311,0.404,0.984,1.01,2.1,4.39,4.79,5.61,6.89,7.12,7.5,8,9.8,10.8,13.1,17.7,21.7,25.7,29.6,35.3,43.4,53.3
Individuals using the Internet (% of population),IT.NET.USER.ZS,Serbia,SRB,..,..,..,..,..,23.5,26.3,27.2,33.2,35.6,38.1,40.9,42.2,48.1,53.5,62.1,65.3,67.1,70.3,73.4,77.4,78.4
Individuals using the Internet (% of population),IT.NET.USER.ZS,Seychelles,SYC,6.23,7.4,11,14.3,14.6,24.3,25.4,35,38.4,40.4,..,41,43.2,47.1,50.4,51.3,54.3,56.5,62.6,69.2,76.6,84.8
Individuals using the Internet (% of population),IT.NET.USER.ZS,Sierra Leone,SLE,0.0485,0.118,0.16,0.176,0.19,0.203,0.215,0.228,0.24,0.25,0.26,0.58,0.9,2.5,4,6.06,6.34,11.8,13.2,14.4,15.7,17.1
Individuals using the Internet (% of population),IT.NET.USER.ZS,Singapore,SGP,24.2,36,41.7,47,53.8,62,61,59,69.9,69,69,71,71,72,80.9,79,79,84.5,84.5,88.2,88.9,92
Individuals using the Internet (% of population),IT.NET.USER.ZS,Sint Maarten (Dutch part),SXM,..,..,..,..,..,..,..,..,..,..,..,..,..,..,..,..,..,..,..,..,..,..
Individuals using the Internet (% of population),IT.NET.USER.ZS,Slovak Republic,SVK,5.44,9.43,12.5,40.1,43,52.9,55.2,56.1,61.8,66.1,70,75.7,74.4,76.7,77.9,80,77.6,80.5,81.6,80.4,82.9,89.9
Individuals using the Internet (% of population),IT.NET.USER.ZS,Slovenia,SVN,12.6,15.1,30.2,27.8,31.9,40.8,46.8,54,56.7,58,64,70,67.3,68.4,72.7,71.6,73.1,75.5,78.9,79.8,83.1,86.6
Individuals using the Internet (% of population),IT.NET.USER.ZS,Solomon Islands,SLB,0.495,0.481,0.469,0.502,0.556,0.65,0.844,1.65,2,3,4,5,6,7,8,9,10,11,15.1,20.9,26.3,33.2
Individuals using the Internet (% of population),IT.NET.USER.ZS,Somalia,SOM,0.0139,0.02,0.079,0.116,0.376,1.05,1.08,1.1,1.12,1.14,1.16,..,1.25,1.38,1.5,1.63,1.76,1.88,2,..,..,15
Individuals using the Internet (% of population),IT.NET.USER.ZS,South Africa,ZAF,4.12,5.35,6.35,6.71,7.01,8.43,7.49,7.61,8.07,8.43,10,24,34,41,46.5,49,51.9,54,56.2,62.4,69.7,72.1
Individuals using the Internet (% of population),IT.NET.USER.ZS,South Sudan,SSD,..,..,..,..,..,..,..,..,..,..,..,..,..,..,2.2,2.6,3,3.5,4.1,4.8,6.7,9.27
Individuals using the Internet (% of population),IT.NET.USER.ZS,Spain,ESP,7.09,13.6,18.1,20.4,39.9,44,47.9,50.4,55.1,59.6,62.4,65.8,67.1,69.8,71.6,76.2,78.7,80.6,84.6,86.1,90.7,93.2
Individuals using the Internet (% of population),IT.NET.USER.ZS,Sri Lanka,LKA,0.348,0.647,0.794,1.05,1.46,1.45,1.79,2.54,3.88,..,..,..,..,..,..,10.5,15.3,22.2,25.1,28.3,32,36.2
Individuals using the Internet (% of population),IT.NET.USER.ZS,St. Kitts and Nevis,KNA,4.4,5.86,7.71,21.2,23,24.7,34,38.5,43.5,49.2,55.7,63,63.2,64,64.6,65.4,66.2,67,67.8,68.6,69.4,70.3
Individuals using the Internet (% of population),IT.NET.USER.ZS,St. Lucia,LCA,1.93,5.09,8.18,14.6,21,21.4,21.6,24.5,27.9,30,31,32.5,34,45.9,49.4,53.2,57.3,58.2,59.2,60.1,61.1,62.1
Individuals using the Internet (% of population),IT.NET.USER.ZS,St. Martin (French part),MAF,..,..,..,..,..,..,..,..,..,..,..,..,..,..,..,..,..,..,..,..,..,..
Individuals using the Internet (% of population),IT.NET.USER.ZS,St. Vincent and the Grenadines,VCT,2.78,3.25,5.09,5.55,6.46,7.37,9.2,12,16,21,31,33.7,36.7,40,43.5,47.4,49.4,51.5,53.7,56,59.6,63.4
Individuals using the Internet (% of population),IT.NET.USER.ZS,Sudan,SDN,0.00879,0.0258,0.14,0.439,0.538,0.792,1.29,..,8.66,..,..,..,..,..,..,..,..,14.1,18.6,24.6,25.9,26.4
Individuals using the Internet (% of population),IT.NET.USER.ZS,Suriname,SUR,1.89,2.51,3.06,4.16,4.72,6.08,6.4,9.5,14.1,21.1,31.4,31.6,32,34.7,37.4,40.1,42.8,45.4,48.9,55.1,62,69.8
Individuals using the Internet (% of population),IT.NET.USER.ZS,Sweden,SWE,41.4,45.7,51.8,70.6,79.1,83.9,84.8,87.8,82,90,91,90,92.8,93.2,94.8,92.5,90.6,89.7,93,89.2,94.5,94.5
Individuals using the Internet (% of population),IT.NET.USER.ZS,Switzerland,CHE,34,47.1,55.1,61.4,65.1,67.8,70.1,75.7,77.2,79.2,81.3,83.9,85.2,85.2,86.3,83.6,87.5,89.1,89.7,91.8,93.1,94.3
Individuals using the Internet (% of population),IT.NET.USER.ZS,Syrian Arab Republic,SYR,0.124,0.182,0.354,2.09,3.4,4.32,5.65,7.83,11.5,14,17.3,20.7,22.5,24.3,26.2,28.1,30,31.9,32.7,33.8,34.7,..
Individuals using the Internet (% of population),IT.NET.USER.ZS,Tajikistan,TJK,0.0328,0.0486,0.0513,0.0555,0.0646,0.0775,0.299,3.77,7.2,8.78,10.1,11.6,13,14.5,16,17.5,19,20.5,22,..,..,27.5
Individuals using the Internet (% of population),IT.NET.USER.ZS,Tanzania,TZA,0.0751,0.117,0.171,0.222,0.677,0.878,1.1,1.3,1.6,1.9,2.4,2.9,3.2,3.95,4.4,7,10,13.5,14.5,15.5,16.6,17.8
Individuals using the Internet (% of population),IT.NET.USER.ZS,Thailand,THA,2.43,3.69,5.56,7.53,9.3,10.7,15,17.2,20,18.2,20.1,22.4,23.7,26.5,28.9,34.9,39.3,47.5,52.9,56.8,66.7,77.8
Individuals using the Internet (% of population),IT.NET.USER.ZS,Timor-Leste,TLS,..,..,..,0,..,..,0.099,0.5,1,1.5,2,3,4,7,11,17.5,18.6,21.2,24.2,27.6,28,32
Individuals using the Internet (% of population),IT.NET.USER.ZS,Togo,TGO,0.59,0.8,0.9,1,1.2,1.5,1.8,2,2.2,2.4,2.6,3,3.5,4,4.5,5.7,7.12,11.3,12.4,15.5,20.7,29
Individuals using the Internet (% of population),IT.NET.USER.ZS,Tonga,TON,1.02,2.43,2.83,2.91,2.99,3.95,4.91,5.85,7.18,8.11,10,16,25,30,32.8,36,38.7,40,46.2,..,..,..
Individuals using the Internet (% of population),IT.NET.USER.ZS,Trinidad and Tobago,TTO,5.81,7.72,15.4,22,26,27,29,30,32.3,34.8,44.3,48.5,55.2,57.5,59.9,62.4,65.1,67.8,70.6,72.8,75,77.3
Individuals using the Internet (% of population),IT.NET.USER.ZS,Tunisia,TUN,1.6,2.75,4.3,5.25,6.49,8.53,9.66,13,17.1,27.5,34.1,36.8,39.1,41.4,43.8,46.2,46.5,49.6,55.5,64.2,66.7,68.6
Individuals using the Internet (% of population),IT.NET.USER.ZS,Turkiye,TUR,2.29,3.76,5.19,11.4,12.3,14.6,15.5,18.2,28.6,34.4,36.4,39.8,43.1,45.1,46.3,51,53.7,58.3,64.7,71,74,77.7
Individuals using the Internet (% of population),IT.NET.USER.ZS,Turkmenistan,TKM,0.045,0.133,0.175,0.302,0.425,0.754,0.997,1.32,1.41,1.75,1.95,3,5,7.2,9.6,12.2,15,18,21.3,..,..,..
Individuals using the Internet (% of population),IT.NET.USER.ZS,Turks and Caicos Islands,TCA,..,..,..,..,..,..,..,..,..,..,..,..,..,..,..,..,..,..,..,..,..,..
Individuals using the Internet (% of population),IT.NET.USER.ZS,Tuvalu,TUV,..,5.24,5.7,6.3,6.9,7.6,8.3,9.1,10,11.2,12.8,14.6,16.5,18.7,21.2,24.1,27.3,31,35.2,42.3,50.8,61
Individuals using the Internet (% of population),IT.NET.USER.ZS,Uganda,UGA,0.106,0.164,0.238,0.384,0.465,0.72,1.74,2.53,3.67,3.88,4.1,4.3,4.6,4.8,5.1,5.4,5.8,5.9,..,..,..,7.4
Individuals using the Internet (% of population),IT.NET.USER.ZS,Ukraine,UKR,0.405,0.716,1.24,1.87,3.15,3.49,3.75,4.51,6.55,11,17.9,23.3,28.7,35.3,41,46.2,48.9,53,58.9,62.6,70.1,75
Individuals using the Internet (% of population),IT.NET.USER.ZS,United Arab Emirates,ARE,14.9,23.6,26.3,28.3,29.5,30.1,40,52,61,63,64,68,78,85,88,90.4,90.5,90.6,94.8,98.5,99.2,100
Individuals using the Internet (% of population),IT.NET.USER.ZS,United Kingdom,GBR,21.3,26.8,33.5,56.5,64.8,65.6,70,68.8,75.1,78.4,83.6,85,85.4,87.5,89.8,91.6,92,94.8,90.4,90.7,92.5,94.8
Individuals using the Internet (% of population),IT.NET.USER.ZS,United States,USA,35.8,43.1,49.1,58.8,61.7,64.8,68,68.9,75,74,71,71.7,69.7,74.7,71.4,73,74.6,85.5,87.3,88.5,89.4,90.3
Individuals using the Internet (% of population),IT.NET.USER.ZS,Uruguay,URY,9.97,10.5,11.1,11.4,15.9,17.1,20.1,29.4,34,39.3,41.8,46.4,51.4,54.5,57.7,61.5,64.6,66.4,70.3,80.7,83.4,85.5
Individuals using the Internet (% of population),IT.NET.USER.ZS,Uzbekistan,UZB,0.0307,0.484,0.598,1.08,1.91,2.59,3.34,6.39,7.49,9.08,11.9,15.9,18.6,23.6,26.8,35.5,42.8,46.8,48.7,55.2,70.4,71.1
Individuals using the Internet (% of population),IT.NET.USER.ZS,Vanuatu,VUT,0.538,2.11,2.83,3.51,3.9,4.75,5.08,5.85,6.8,7.27,7.5,8,9.2,10.6,11.3,18.8,22.4,24,30.8,34,37.5,41.4
Individuals using the Internet (% of population),IT.NET.USER.ZS,"Venezuela, RB",VEN,2.84,3.36,4.64,4.91,7.5,8.4,12.6,15.2,20.8,25.9,32.7,37.4,40.2,49.1,54.9,57,58,60,61.6,..,..,..
Individuals using the Internet (% of population),IT.NET.USER.ZS,Viet Nam,VNM,0.129,0.254,1.27,1.86,3.78,7.64,12.7,17.3,20.8,23.9,26.6,30.7,35.1,36.8,38.5,41,45,53,58.1,69.8,68.7,70.3
Individuals using the Internet (% of population),IT.NET.USER.ZS,Virgin Islands (U.S.),VIR,11.1,13.8,18.4,27.5,27.4,27.4,27.3,27.3,27.3,27.4,27.4,31.2,35.6,40.5,45.3,50.1,54.8,59.6,64.4,..,..,..
Individuals using the Internet (% of population),IT.NET.USER.ZS,West Bank and Gaza,PSE,..,1.11,1.84,3.1,4.13,4.4,16,18.4,21.2,24.4,32.2,37.4,41.1,43.4,46.6,53.7,56.7,59.9,63.3,64.4,70.6,76
Individuals using the Internet (% of population),IT.NET.USER.ZS,"Yemen, Rep.",YEM,0.0566,0.0825,0.0908,0.519,0.605,0.881,1.05,1.25,5.01,6.89,9.96,12.4,14.9,17.4,20,22.6,24.1,24.6,26.7,..,..,13.8
Individuals using the Internet (% of population),IT.NET.USER.ZS,Zambia,ZMB,0.147,0.191,0.233,0.478,0.98,1.1,1.3,1.6,1.9,2.2,2.5,3,3.5,4.1,4.8,6.5,8.8,10.3,12.2,14.3,18.7,24.5
Individuals using the Internet (% of population),IT.NET.USER.ZS,Zimbabwe,ZWE,0.162,0.401,0.8,1.1,1.8,2.1,2.4,2.4,3,3.5,4,6.4,8.4,12,15.5,16.4,22.7,23.1,24.4,25,26.6,29.3
Individuals using the Internet (% of population),IT.NET.USER.ZS,Africa Eastern and Southern,AFE,..,..,..,..,..,..,..,..,..,..,..,..,..,..,..,..,..,..,..,..,..,..
Individuals using the Internet (% of population),IT.NET.USER.ZS,Africa Western and Central,AFW,..,..,..,..,..,..,..,..,..,..,..,..,..,..,..,..,..,..,..,..,..,..
Individuals using the Internet (% of population),IT.NET.USER.ZS,Arab World,ARB,..,..,..,..,..,..,..,..,..,..,..,..,..,..,..,..,..,..,..,..,..,..
Individuals using the Internet (% of population),IT.NET.USER.ZS,Caribbean small states,CSS,..,..,..,..,..,..,..,..,..,..,..,..,..,..,..,..,..,..,..,..,..,..
Individuals using the Internet (% of population),IT.NET.USER.ZS,Central Europe and the Baltics,CEB,..,..,..,..,..,..,..,..,..,..,..,..,..,..,..,..,..,..,..,..,..,..
Individuals using the Internet (% of population),IT.NET.USER.ZS,Early-demographic dividend,EAR,..,..,..,..,..,..,..,..,..,..,..,..,..,..,..,..,..,..,..,..,..,..
Individuals using the Internet (% of population),IT.NET.USER.ZS,East Asia & Pacific,EAS,..,..,..,..,..,..,..,..,..,..,..,..,..,..,..,..,..,..,..,..,..,..
Individuals using the Internet (% of population),IT.NET.USER.ZS,East Asia & Pacific (excluding high income),EAP,..,..,..,..,..,..,..,..,..,..,..,..,..,..,..,..,..,..,..,..,..,..
Individuals using the Internet (% of population),IT.NET.USER.ZS,East Asia & Pacific (IDA & IBRD countries),TEA,..,..,..,..,..,..,..,..,..,..,..,..,..,..,..,..,..,..,..,..,..,..
Individuals using the Internet (% of population),IT.NET.USER.ZS,Euro area,EMU,..,..,..,..,..,..,..,..,..,..,..,..,..,..,..,..,..,..,..,..,..,..
Individuals using the Internet (% of population),IT.NET.USER.ZS,Europe & Central Asia,ECS,..,..,..,..,..,..,..,..,..,..,..,..,..,..,..,..,..,..,..,..,..,..
Individuals using the Internet (% of population),IT.NET.USER.ZS,Europe & Central Asia (excluding high income),ECA,..,..,..,..,..,..,..,..,..,..,..,..,..,..,..,..,..,..,..,..,..,..
Individuals using the Internet (% of population),IT.NET.USER.ZS,Europe & Central Asia (IDA & IBRD countries),TEC,..,..,..,..,..,..,..,..,..,..,..,..,..,..,..,..,..,..,..,..,..,..
Individuals using the Internet (% of population),IT.NET.USER.ZS,European Union,EUU,..,..,..,..,..,..,..,..,..,..,..,..,..,..,..,..,..,..,..,..,..,..
Individuals using the Internet (% of population),IT.NET.USER.ZS,Fragile and conflict affected situations,FCS,..,..,..,..,..,..,..,..,..,..,..,..,..,..,..,..,..,..,..,..,..,..
Individuals using the Internet (% of population),IT.NET.USER.ZS,Heavily indebted poor countries (HIPC),HPC,..,..,..,..,..,..,..,..,..,..,..,..,..,..,..,..,..,..,..,..,..,..
Individuals using the Internet (% of population),IT.NET.USER.ZS,High income,HIC,..,..,..,..,..,..,53,55.8,61.4,64.1,66.5,69.1,70.5,73.8,75.2,77,78.3,82.5,84.2,86.4,87.5,88.5
Individuals using the Internet (% of population),IT.NET.USER.ZS,IBRD only,IBD,..,..,..,..,..,..,..,..,..,..,..,..,..,..,..,..,..,..,..,..,..,..
Individuals using the Internet (% of population),IT.NET.USER.ZS,IDA & IBRD total,IBT,..,..,..,..,..,..,..,..,..,..,..,..,..,..,..,..,..,..,..,..,..,..
Individuals using the Internet (% of population),IT.NET.USER.ZS,IDA blend,IDB,..,..,..,..,..,..,..,..,..,..,..,..,..,..,..,..,..,..,..,..,..,..
Individuals using the Internet (% of population),IT.NET.USER.ZS,IDA only,IDX,..,..,..,..,..,..,..,..,..,..,..,..,..,..,..,..,..,..,..,..,..,..
Individuals using the Internet (% of population),IT.NET.USER.ZS,IDA total,IDA,..,..,..,..,..,..,..,..,..,..,..,..,..,..,..,..,..,..,..,..,..,..
Individuals using the Internet (% of population),IT.NET.USER.ZS,Late-demographic dividend,LTE,..,..,..,..,..,..,..,..,..,..,..,..,..,..,..,..,..,..,..,..,..,..
Individuals using the Internet (% of population),IT.NET.USER.ZS,Latin America & Caribbean,LCN,..,..,..,..,..,..,..,..,..,..,..,..,..,..,..,..,..,..,..,..,..,..
Individuals using the Internet (% of population),IT.NET.USER.ZS,Latin America & Caribbean (excluding high income),LAC,..,..,..,..,..,..,..,..,..,..,..,..,..,..,..,..,..,..,..,..,..,..
Individuals using the Internet (% of population),IT.NET.USER.ZS,Latin America & the Caribbean (IDA & IBRD countries),TLA,..,..,..,..,..,..,..,..,..,..,..,..,..,..,..,..,..,..,..,..,..,..
Individuals using the Internet (% of population),IT.NET.USER.ZS,Least developed countries: UN classification,LDC,..,..,..,..,..,..,..,..,..,..,..,..,..,..,..,..,..,..,..,..,..,..
Individuals using the Internet (% of population),IT.NET.USER.ZS,Low & middle income,LMY,..,..,..,..,..,..,..,..,..,..,..,..,..,..,..,..,..,..,..,..,..,..
Individuals using the Internet (% of population),IT.NET.USER.ZS,Low income,LIC,..,..,..,..,..,..,0.8,1.1,2.1,2.5,3.1,3.7,4.2,5,5.8,7.1,8.9,10.4,12.1,14.2,17.2,18.4
Individuals using the Internet (% of population),IT.NET.USER.ZS,Lower middle income,LMC,..,..,..,..,..,..,3.7,4.6,5.7,6.6,7.8,10.4,12.6,14,15.6,17.6,19.7,22.2,24.7,27.5,33.6,42.9
Individuals using the Internet (% of population),IT.NET.USER.ZS,"Middle East, North Africa, Afghanistan & Pakistan",MEA,..,..,..,..,..,..,..,..,..,..,..,..,..,..,..,..,..,..,..,..,..,..
Individuals using the Internet (% of population),IT.NET.USER.ZS,"Middle East, North Africa, Afghanistan & Pakistan (excluding high income)",MNA,..,..,..,..,..,..,..,..,..,..,..,..,..,..,..,..,..,..,..,..,..,..
Individuals using the Internet (% of population),IT.NET.USER.ZS,"Middle East, North Africa, Afghanistan & Pakistan (IDA & IBRD)",TMN,..,..,..,..,..,..,..,..,..,..,..,..,..,..,..,..,..,..,..,..,..,..
Individuals using the Internet (% of population),IT.NET.USER.ZS,Middle income,MIC,..,..,..,..,..,..,..,..,..,..,..,..,..,..,..,..,..,..,..,..,..,..
Individuals using the Internet (% of population),IT.NET.USER.ZS,North America,NAC,..,..,..,..,..,..,..,..,..,..,..,..,..,..,..,..,..,..,..,..,..,..
Individuals using the Internet (% of population),IT.NET.USER.ZS,Not classified,INX,..,..,..,..,..,..,..,..,..,..,..,..,..,..,..,..,..,..,..,..,..,..
Individuals using the Internet (% of population),IT.NET.USER.ZS,OECD members,OED,..,..,..,..,..,..,..,..,..,..,..,..,..,..,..,..,..,..,..,..,..,..
Individuals using the Internet (% of population),IT.NET.USER.ZS,Other small states,OSS,..,..,..,..,..,..,..,..,..,..,..,..,..,..,..,..,..,..,..,..,..,..
Individuals using the Internet (% of population),IT.NET.USER.ZS,Pacific island small states,PSS,..,..,..,..,..,..,..,..,..,..,..,..,..,..,..,..,..,..,..,..,..,..
Individuals using the Internet (% of population),IT.NET.USER.ZS,Post-demographic dividend,PST,..,..,..,..,..,..,..,..,..,..,..,..,..,..,..,..,..,..,..,..,..,..
Individuals using the Internet (% of population),IT.NET.USER.ZS,Pre-demographic dividend,PRE,..,..,..,..,..,..,..,..,..,..,..,..,..,..,..,..,..,..,..,..,..,..
Individuals using the Internet (% of population),IT.NET.USER.ZS,Small states,SST,..,..,..,..,..,..,..,..,..,..,..,..,..,..,..,..,..,..,..,..,..,..
Individuals using the Internet (% of population),IT.NET.USER.ZS,South Asia,SAS,..,..,..,..,..,..,..,..,..,..,..,..,..,..,..,..,..,..,..,..,..,..
Individuals using the Internet (% of population),IT.NET.USER.ZS,South Asia (IDA & IBRD),TSA,..,..,..,..,..,..,..,..,..,..,..,..,..,..,..,..,..,..,..,..,..,..
Individuals using the Internet (% of population),IT.NET.USER.ZS,Sub-Saharan Africa,SSF,..,..,..,..,..,..,..,..,..,..,..,..,..,..,..,..,..,..,..,..,..,..
Individuals using the Internet (% of population),IT.NET.USER.ZS,Sub-Saharan Africa (excluding high income),SSA,..,..,..,..,..,..,..,..,..,..,..,..,..,..,..,..,..,..,..,..,..,..
Individuals using the Internet (% of population),IT.NET.USER.ZS,Sub-Saharan Africa (IDA & IBRD countries),TSS,..,..,..,..,..,..,..,..,..,..,..,..,..,..,..,..,..,..,..,..,..,..
Individuals using the Internet (% of population),IT.NET.USER.ZS,Upper middle income,UMC,..,..,..,..,..,..,10.2,12.5,16.6,21.2,25.8,30.6,34.5,38.3,41.4,44.2,47.9,51.4,54.7,59.5,64.5,70.3
Individuals using the Internet (% of population),IT.NET.USER.ZS,World,WLD,..,..,..,..,..,..,15.6,17.2,20.2,22.8,25.3,28.4,30.9,33.3,35.3,37.4,39.8,42.8,45.2,48.5,52.9,58.6
,,,,,,,,,,,,,,,,,,,,,,,,,
,,,,,,,,,,,,,,,,,,,,,,,,,
,,,,,,,,,,,,,,,,,,,,,,,,,
Data from database: World Development Indicators,,,,,,,,,,,,,,,,,,,,,,,,,
Last Updated: 07/01/2025,,,,,,,,,,,,,,,,,,,,,,,,,
